{"type": "block", "layer": 1, "block": 0, "features": [{"geom": {"triangles": {"v": [-4131.667632039054, 8493.804448259994, 0.0, -4273.730132039054, 8215.304448259994, 0.0, -4322.667632039054, 7906.304448259994, 0.0, -4131.667632039054, 7318.304448259994, 0.0, -2734.8863820390543, 7097.304448259994, 0.0, -2734.8863820390543, 8715.304448259994, 0.0, -3910.4488820390543, 8715.304448259994, 0.0, -3631.6676320390543, 8857.304448259994, 0.0, -3322.6676320390543, 8906.304448259994, 0.0, -3013.6363820390543, 8857.304448259994, 0.0, -2322.6676320390543, 7906.304448259994, 0.0, -2371.6051320390543, 8215.304448259994, 0.0, -2513.6363820390543, 8493.804448259994, 0.0, -2371.6051320390543, 7597.304448259994, 0.0, -2513.6363820390543, 7318.304448259994, 0.0, -3910.4488820390543, 7097.304448259994, 0.0, -3631.6676320390543, 6954.804448259994, 0.0, -3322.6676320390543, 6906.304448259994, 0.0, -3013.6363820390543, 6954.804448259994, 0.0, -4273.730132039054, 7597.304448259994, 0.0], "f": [0, 1, 2, 0, 2, 3, 4, 0, 3, 0, 4, 5, 5, 6, 0, 7, 6, 5, 5, 8, 7, 9, 8, 5, 5, 4, 10, 5, 10, 11, 12, 5, 11, 10, 4, 13, 4, 14, 13, 3, 15, 4, 4, 15, 16, 4, 16, 17, 4, 17, 18, 3, 2, 19]}, "centroids": [[-3322.6649409487145, 7906.102658055723, 0.0]]}, "mtl": 0}, {"geom": {"triangles": {"v": [14920.801117960946, 6460.304448259994, 0.0, 14778.769867960946, 6181.804448259994, 0.0, 14729.801117960946, 5872.804448259994, 0.0, 14920.801117960946, 5284.804448259994, 0.0, 16317.582367960946, 5063.804448259994, 0.0, 16317.582367960946, 6681.804448259994, 0.0, 15142.019867960946, 6681.804448259994, 0.0, 15420.801117960946, 6823.804448259994, 0.0, 15729.801117960946, 6872.804448259994, 0.0, 16038.832367960946, 6823.804448259994, 0.0, 16729.801117960946, 5872.804448259994, 0.0, 16680.863617960946, 6181.804448259994, 0.0, 16538.832367960946, 6460.304448259994, 0.0, 16680.863617960946, 5563.804448259994, 0.0, 16538.832367960946, 5284.804448259994, 0.0, 15142.019867960946, 5063.804448259994, 0.0, 15420.801117960946, 4921.804448259994, 0.0, 15729.801117960946, 4872.804448259994, 0.0, 16038.832367960946, 4921.804448259994, 0.0, 14778.769867960946, 5563.804448259994, 0.0], "f": [0, 1, 2, 0, 2, 3, 4, 0, 3, 0, 4, 5, 5, 6, 0, 7, 6, 5, 5, 8, 7, 9, 8, 5, 5, 4, 10, 5, 10, 11, 12, 5, 11, 10, 4, 13, 4, 14, 13, 3, 15, 4, 4, 15, 16, 4, 16, 17, 4, 17, 18, 3, 2, 19]}, "centroids": [[15729.811055316182, 5872.699390293099, 0.0]]}, "mtl": 0}, {"geom": {"triangles": {"v": [9230.676117960946, -1177.6955517400056, 0.0, 9088.644867960946, -1456.1955517400056, 0.0, 9039.707367960946, -1765.1955517400056, 0.0, 9230.676117960946, -2353.1955517400056, 0.0, 10627.488617960946, -2574.1955517400056, 0.0, 10627.488617960946, -956.1955517400056, 0.0, 9451.926117960946, -956.1955517400056, 0.0, 9730.676117960946, -814.1955517400056, 0.0, 10039.707367960946, -765.1955517400056, 0.0, 10348.707367960946, -814.1955517400056, 0.0, 11039.707367960946, -1765.1955517400056, 0.0, 10990.769867960946, -1456.1955517400056, 0.0, 10848.707367960946, -1177.6955517400056, 0.0, 10990.769867960946, -2074.1955517400056, 0.0, 10848.707367960946, -2353.1955517400056, 0.0, 9451.926117960946, -2574.1955517400056, 0.0, 9730.676117960946, -2716.1955517400056, 0.0, 10039.707367960946, -2765.1955517400056, 0.0, 10348.707367960946, -2716.1955517400056, 0.0, 9088.644867960946, -2074.1955517400056, 0.0], "f": [0, 1, 2, 0, 2, 3, 4, 0, 3, 0, 4, 5, 5, 6, 0, 7, 6, 5, 5, 8, 7, 9, 8, 5, 5, 4, 10, 5, 10, 11, 12, 5, 11, 10, 4, 13, 4, 14, 13, 3, 15, 4, 4, 15, 16, 4, 16, 17, 4, 17, 18, 3, 2, 19]}, "centroids": [[10039.699390063935, -1765.378430631943, 0.0]]}, "mtl": 0}], "featureCount": 3, "startIndex": 0}